City_ID,City,Country,Date,Lat,Lng,Max Temp,Humidity,Cloudiness,Wind Speed
0,San Patricio,US,2021-03-23 15:45:47,28.017,-97.5169,77.0,78,75,6.91
1,Saskylakh,RU,2021-03-23 15:45:47,71.9167,114.0833,-37.61,100,43,5.46
2,Chuy,UY,2021-03-23 15:45:48,-33.6971,-53.4616,75.02,56,24,7.0
3,Upernavik,GL,2021-03-23 15:45:48,72.7868,-56.1549,-8.12,85,100,4.5
4,Camocim,BR,2021-03-23 15:45:48,-2.9022,-40.8411,83.17,72,100,7.07
5,Namibe,AO,2021-03-23 15:45:48,-15.1961,12.1522,75.56,76,94,10.27
6,Olinda,BR,2021-03-23 15:45:49,-8.0089,-34.8553,84.2,65,40,9.22
7,Sorong,ID,2021-03-23 15:45:49,-0.8833,131.25,80.92,79,100,7.38
8,Bathsheba,BB,2021-03-23 15:45:49,13.2167,-59.5167,84.2,48,20,24.16
9,Bilma,NE,2021-03-23 15:45:50,18.6853,12.9164,94.03,11,2,15.93
10,Geraldton,AU,2021-03-23 15:45:50,-28.7667,114.6,64.4,59,0,19.57
11,Tandalti,SD,2021-03-23 15:45:51,13.0167,31.8667,97.74,7,13,8.37
12,Amahai,ID,2021-03-23 15:45:51,-3.3333,128.9167,78.76,86,100,1.97
13,Busselton,AU,2021-03-23 15:45:52,-33.65,115.3333,52.0,94,0,9.15
14,Provideniya,RU,2021-03-23 15:45:52,64.3833,-173.3,11.75,96,100,8.68
15,Yumen,CN,2021-03-23 15:45:52,40.2833,97.2,45.3,13,100,8.37
16,Carnarvon,AU,2021-03-23 15:41:56,-24.8667,113.6333,73.4,78,0,19.57
17,Cidreira,BR,2021-03-23 15:45:53,-30.1811,-50.2056,70.7,95,100,0.78
18,Port Alfred,ZA,2021-03-23 15:45:53,-33.5906,26.891,70.88,68,13,18.68
19,Lebu,CL,2021-03-23 15:45:53,-37.6167,-73.65,61.93,68,72,9.37
20,Tuktoyaktuk,CA,2021-03-23 15:45:54,69.4541,-133.0374,-9.4,77,20,21.85
21,Dingle,PH,2021-03-23 15:45:54,10.9995,122.6711,76.64,87,89,9.44
22,Punta Arenas,CL,2021-03-23 15:42:20,-53.15,-70.9167,51.8,71,75,10.36
23,Rikitea,PF,2021-03-23 15:45:54,-23.1203,-134.9692,79.75,72,6,9.08
24,Hearst,CA,2021-03-23 15:45:55,49.6835,-83.6665,39.2,81,100,4.61
25,Longyearbyen,SJ,2021-03-23 15:45:22,78.2186,15.6401,24.8,68,90,11.5
26,Hilo,US,2021-03-23 15:45:55,19.7297,-155.09,64.4,77,1,6.91
27,Sitka,US,2021-03-23 15:45:56,57.0531,-135.33,39.2,87,90,16.11
28,Qaanaaq,GL,2021-03-23 15:45:56,77.484,-69.3632,-13.92,69,48,6.08
29,Chokurdakh,RU,2021-03-23 15:45:56,70.6333,147.9167,-9.72,93,100,13.56
30,Tuatapere,NZ,2021-03-23 15:45:57,-46.1333,167.6833,53.01,98,100,4.21
31,Nikolskoye,RU,2021-03-23 15:45:57,59.7035,30.7861,39.2,45,75,11.18
32,Thompson,CA,2021-03-23 15:45:58,55.7435,-97.8558,-5.8,59,1,8.05
33,Tarauaca,BR,2021-03-23 15:45:59,-8.1614,-70.7656,77.56,81,99,0.65
34,Grindavik,IS,2021-03-23 15:45:59,63.8424,-22.4338,39.2,65,75,8.05
35,Castro,BR,2021-03-23 15:45:59,-24.7911,-50.0119,78.73,61,22,5.99
36,Palmas Bellas,PA,2021-03-23 15:46:00,9.2319,-80.0867,84.0,64,97,35.01
37,Dwarka,IN,2021-03-23 15:46:00,22.2394,68.9678,78.87,69,0,9.69
38,Tromso,NO,2021-03-23 15:46:00,69.6496,18.957,37.0,75,75,26.46
39,Ribeira Grande,PT,2021-03-23 15:46:01,38.5167,-28.7,59.0,58,40,19.57
40,Saint George,US,2021-03-23 15:43:52,37.1041,-113.5841,51.01,57,20,9.22
41,Hambantota,LK,2021-03-23 15:46:01,6.1241,81.1185,80.6,94,75,2.3
42,Narsaq,GL,2021-03-23 15:46:01,60.9167,-46.05,23.0,42,20,6.91
43,Jamestown,US,2021-03-23 15:46:02,42.097,-79.2353,59.0,37,1,8.99
44,Kapaa,US,2021-03-23 15:46:02,22.0752,-159.319,64.4,94,1,6.91
45,Ancud,CL,2021-03-23 15:46:02,-41.8697,-73.8203,57.0,94,90,4.61
46,Vyazniki,RU,2021-03-23 15:46:03,56.25,42.1667,28.89,83,100,5.73
47,Jalu,LY,2021-03-23 15:46:03,29.0331,21.5482,68.36,18,0,22.32
48,Husavik,IS,2021-03-23 15:46:04,66.0449,-17.3389,41.0,45,75,12.66
49,Lagoa,PT,2021-03-23 15:46:04,39.05,-27.9833,54.91,56,100,12.03
50,Barrow,US,2021-03-23 15:46:04,71.2906,-156.7887,-0.4,78,90,10.36
51,Guerrero Negro,MX,2021-03-23 15:46:05,27.9769,-114.0611,59.38,64,56,18.39
52,Belorechensk,RU,2021-03-23 15:46:05,44.76,39.87,39.2,81,90,8.95
53,Half Moon Bay,US,2021-03-23 15:46:05,37.4636,-122.4286,52.0,62,1,13.8
54,Tual,ID,2021-03-23 15:46:06,-5.6667,132.75,83.71,72,86,5.57
55,Flinders,AU,2021-03-23 15:46:06,-34.5833,150.8552,66.99,98,10,1.01
56,Biak,ID,2021-03-23 15:46:06,-0.9131,122.8766,76.73,84,91,1.23
57,Maturin,VE,2021-03-23 15:41:24,9.75,-63.1767,87.84,52,71,11.41
58,Pouembout,NC,2021-03-23 15:46:07,-21.1333,164.9,72.16,84,95,5.21
59,Westport,US,2021-03-23 15:46:07,41.1415,-73.3579,59.0,66,1,3.44
60,Bredasdorp,ZA,2021-03-23 15:46:07,-34.5322,20.0403,75.2,57,0,19.57
61,Saint Anthony,US,2021-03-23 15:46:08,45.0205,-93.218,48.99,81,90,5.75
62,Tecoanapa,MX,2021-03-23 15:46:08,16.5167,-98.75,81.48,45,5,4.54
63,Batagay,RU,2021-03-23 15:46:09,67.6333,134.6333,-15.12,98,100,3.69
64,Yulara,AU,2021-03-23 15:46:09,-25.2406,130.9889,71.6,83,29,8.05
65,Bluff,NZ,2021-03-23 15:46:10,-46.6,168.3333,53.01,98,100,5.26
66,Kodiak,US,2021-03-23 15:46:10,57.79,-152.4072,32.0,74,40,11.5
67,Bambous Virieux,MU,2021-03-23 15:46:10,-20.3428,57.7575,82.4,78,75,4.61
68,Hobart,AU,2021-03-23 15:45:02,-42.8794,147.3294,63.0,88,90,5.75
69,Dunedin,NZ,2021-03-23 15:46:11,-45.8742,170.5036,55.0,92,100,3.29
70,Udaipura,IN,2021-03-23 15:46:11,23.0833,78.5,83.21,33,97,6.98
71,Lidkoping,SE,2021-03-23 15:46:11,58.5052,13.1577,53.6,76,75,16.11
72,Arraial Do Cabo,BR,2021-03-23 15:46:12,-22.9661,-42.0278,84.2,74,20,14.97
73,Abha,SA,2021-03-23 15:43:29,18.2164,42.5053,75.2,53,0,11.5
74,Bengkulu,ID,2021-03-23 15:42:13,-3.8004,102.2655,75.9,90,100,6.6
75,Mahebourg,MU,2021-03-23 15:46:12,-20.4081,57.7,82.4,78,75,4.61
76,Lompoc,US,2021-03-23 15:46:13,34.6391,-120.4579,48.99,81,1,3.44
77,Longkou,CN,2021-03-23 15:46:15,37.6508,120.3286,50.41,52,24,15.52
78,Portland,US,2021-03-23 15:46:15,45.5234,-122.6762,42.01,87,40,1.28
79,Saint-Philippe,RE,2021-03-23 15:46:16,-21.3585,55.7679,82.4,78,90,1.14
80,Vaini,TO,2021-03-23 15:46:16,-21.2,-175.2,71.6,100,75,8.59
81,Souillac,MU,2021-03-23 15:46:17,-20.5167,57.5167,82.4,78,75,4.61
82,Axams,AT,2021-03-23 15:46:17,47.2081,11.2869,50.0,49,20,5.75
83,Georgetown,MY,2021-03-23 15:46:17,5.4112,100.3354,78.8,94,20,1.72
84,Tiksi,RU,2021-03-23 15:46:18,71.6872,128.8694,-25.31,100,100,4.65
85,New Norfolk,AU,2021-03-23 15:46:18,-42.7826,147.0587,63.0,69,100,1.99
86,Port Elizabeth,ZA,2021-03-23 15:45:23,-33.918,25.5701,71.6,73,0,18.41
87,Pevek,RU,2021-03-23 15:46:18,69.7008,170.3133,3.33,77,100,2.89
88,Mataura,NZ,2021-03-23 15:46:19,-46.1927,168.8643,53.01,98,100,1.63
89,Oum Hadjer,TD,2021-03-23 15:46:19,13.2954,19.6966,104.95,9,27,6.31
90,Sayyan,YE,2021-03-23 15:46:19,15.1718,44.3244,63.52,16,5,12.62
91,Itoman,JP,2021-03-23 15:46:20,26.1247,127.6694,64.4,55,40,5.75
92,Ahipara,NZ,2021-03-23 15:46:20,-35.1667,173.1667,56.41,87,0,2.44
93,Hermanus,ZA,2021-03-23 15:46:20,-34.4187,19.2345,78.01,60,0,11.99
94,Tsabong,BW,2021-03-23 15:46:21,-26.0217,22.401,71.26,71,78,17.31
95,Ushuaia,AR,2021-03-23 15:46:22,-54.8,-68.3,46.4,87,90,6.91
96,Dasuya,IN,2021-03-23 15:46:22,31.8183,75.6597,62.89,71,100,18.3
97,Saint-Pierre,RE,2021-03-23 15:46:23,-21.3393,55.4781,82.4,78,90,1.14
98,Atuona,PF,2021-03-23 15:46:23,-9.8,-139.0333,80.33,68,7,20.02
99,Tukrah,LY,2021-03-23 15:46:23,32.5341,20.5791,57.4,64,45,31.52
100,Kasur,PK,2021-03-23 15:46:24,31.1156,74.4467,71.6,56,20,11.5
101,Yellowknife,CA,2021-03-23 15:43:56,62.456,-114.3525,-13.0,64,90,12.66
102,Sao Joao Da Barra,BR,2021-03-23 15:46:24,-21.6403,-41.0511,87.8,55,40,7.34
103,Kalaleh,IR,2021-03-23 15:46:24,37.3807,55.4916,62.6,77,0,5.41
104,Houma,US,2021-03-23 15:46:25,29.5958,-90.7195,73.99,83,40,18.41
105,Aquin,HT,2021-03-23 15:46:25,18.2833,-73.4,79.66,69,27,6.89
106,Amarante Do Maranhao,BR,2021-03-23 15:46:25,-5.5667,-46.7422,82.99,70,54,3.6
107,Albany,US,2021-03-23 15:44:00,42.6001,-73.9662,57.99,29,27,4.47
108,Praia,CV,2021-03-23 15:46:26,14.9215,-23.5087,77.0,53,40,19.57
109,Minsk,BY,2021-03-23 15:42:27,53.9,27.5667,37.4,28,0,8.95
110,Moengo,SR,2021-03-23 15:46:26,5.6167,-54.4,77.13,92,98,3.94
111,Vao,NC,2021-03-23 15:46:27,-22.6667,167.4833,75.18,68,100,14.9
112,Cape Town,ZA,2021-03-23 15:46:27,-33.9258,18.4232,87.01,50,0,12.66
113,Bato,PH,2021-03-23 15:46:28,13.3528,123.3677,74.71,92,84,3.69
114,Markova,UA,2021-03-23 15:46:28,48.6758,24.4138,35.01,80,75,13.42
115,Richards Bay,ZA,2021-03-23 15:46:28,-28.783,32.0377,69.49,75,45,4.92
116,Pangkalanbuun,ID,2021-03-23 15:46:29,-2.6833,111.6167,75.29,97,100,0.58
117,Lethem,GY,2021-03-23 15:46:29,3.3803,-59.7968,80.6,78,90,13.8
118,Mocuba,MZ,2021-03-23 15:46:29,-16.8392,36.9856,73.33,92,72,4.85
119,Paita,PE,2021-03-23 15:46:30,-5.0892,-81.1144,86.0,54,0,8.05
120,Mitsamiouli,KM,2021-03-23 15:46:30,-11.3847,43.2844,82.89,72,94,3.33
121,Shubarkuduk,KZ,2021-03-23 15:46:32,49.1447,56.4872,23.56,92,99,10.38
122,Naze,JP,2021-03-23 15:46:32,28.3667,129.4833,56.77,58,98,8.57
123,Mareeba,AU,2021-03-23 15:46:32,-17.0,145.4333,80.6,74,90,3.44
124,Olafsvik,IS,2021-03-23 15:46:33,64.8945,-23.7142,35.06,64,72,7.49
125,Isangel,VU,2021-03-23 15:46:33,-19.55,169.2667,73.4,88,20,9.8
126,Suhut,TR,2021-03-23 15:46:34,38.5311,30.5458,34.77,98,100,10.13
127,George,ZA,2021-03-23 15:46:34,-33.963,22.4617,71.6,73,20,16.11
128,Airai,TL,2021-03-23 15:46:34,-8.9266,125.4092,60.73,93,83,1.25
129,Tamandare,BR,2021-03-23 15:46:35,-8.7597,-35.1047,84.61,60,42,8.77
130,Puerto Ayora,EC,2021-03-23 15:46:35,-0.7393,-90.3518,80.01,94,75,4.61
131,Liverpool,GB,2021-03-23 15:45:04,53.4106,-2.9779,53.6,66,99,14.97
132,Byron Bay,AU,2021-03-23 15:46:35,-28.65,153.6167,73.4,94,43,10.04
133,Mount Isa,AU,2021-03-23 15:46:36,-20.7333,139.5,78.8,83,90,6.91
134,Kirovskaya,RU,2021-03-23 15:46:36,46.9748,40.0402,37.99,75,75,8.95
135,Shache,CN,2021-03-23 15:46:36,38.4167,77.2406,52.9,28,78,2.15
136,Bethel,US,2021-03-23 15:46:37,41.3712,-73.414,60.01,44,1,3.56
137,Barao De Melgaco,BR,2021-03-23 15:46:37,-16.1944,-55.9675,82.4,65,20,4.61
138,Verkhoyansk,RU,2021-03-23 15:46:37,67.5447,133.385,-14.28,95,100,3.8
139,Northam,GB,2021-03-23 15:46:37,51.0333,-4.2167,54.0,73,48,4.0
140,Belaya Gora,RU,2021-03-23 15:46:38,68.5333,146.4167,-10.82,91,100,11.79
141,Huarmey,PE,2021-03-23 15:46:38,-10.0681,-78.1522,75.7,71,98,10.2
142,Moissala,TD,2021-03-23 15:46:38,8.3404,17.7663,87.78,44,50,6.35
143,Rawson,AR,2021-03-23 15:46:39,-43.3002,-65.1023,84.74,19,50,27.96
144,Norrtalje,SE,2021-03-23 15:46:39,59.758,18.705,57.2,41,0,11.5
145,Butaritari,KI,2021-03-23 15:46:40,3.0707,172.7902,80.98,80,32,20.38
146,Iqaluit,CA,2021-03-23 15:46:40,63.7506,-68.5145,-18.0,57,40,20.71
147,Samarai,PG,2021-03-23 15:46:40,-10.6167,150.6667,82.13,80,100,11.1
148,Altay,CN,2021-03-23 15:46:41,47.8667,88.1167,38.68,57,100,6.69
149,Kununurra,AU,2021-03-23 15:46:41,-15.7667,128.7333,78.8,100,93,1.14
150,Dikson,RU,2021-03-23 15:46:42,73.5069,80.5464,-22.67,96,59,6.96
151,Severo-Kurilsk,RU,2021-03-23 15:46:42,50.6789,156.125,22.93,79,20,7.7
152,Kismayo,SO,2021-03-23 15:46:42,-0.3582,42.5454,81.32,78,41,13.65
153,Flin Flon,CA,2021-03-23 15:44:11,54.7682,-101.865,-4.0,59,1,8.05
154,Kruisfontein,ZA,2021-03-23 15:46:43,-34.0033,24.7314,73.0,68,0,8.99
155,Ferme-Neuve,CA,2021-03-23 15:46:43,46.7001,-75.4493,59.0,25,65,4.61
156,Fortuna,US,2021-03-23 15:46:44,40.5982,-124.1573,42.01,87,1,5.61
157,Kaitangata,NZ,2021-03-23 15:46:44,-46.2817,169.8464,53.04,93,100,3.44
158,Ilebo,CD,2021-03-23 15:46:44,-4.3167,20.5833,81.01,70,100,0.89
159,Kautokeino,NO,2021-03-23 15:46:45,69.0125,23.0412,28.54,82,65,27.67
160,Te Anau,NZ,2021-03-23 15:46:45,-45.4167,167.7167,53.11,93,98,2.19
161,Lorengau,PG,2021-03-23 15:46:46,-2.0226,147.2712,80.6,77,99,3.06
162,Ayagoz,KZ,2021-03-23 15:46:46,47.9714,80.4392,37.49,76,56,15.93
163,Porto Novo,BJ,2021-03-23 15:46:46,6.4965,2.6036,73.4,94,40,14.97
164,Knysna,ZA,2021-03-23 15:46:47,-34.0363,23.0471,71.6,73,20,16.11
165,Vila Franca Do Campo,PT,2021-03-23 15:46:47,37.7167,-25.4333,55.4,88,75,19.57
166,Bubaque,GW,2021-03-23 15:46:48,11.2833,-15.8333,77.76,60,48,14.63
167,Walvis Bay,NA,2021-03-23 15:46:48,-22.9575,14.5053,77.0,53,20,12.66
168,Adrar,MR,2021-03-23 15:46:48,20.5022,-10.0711,91.22,9,1,5.68
169,Hithadhoo,MV,2021-03-23 15:46:49,-0.6,73.0833,83.91,67,6,7.16
170,Pisco,PE,2021-03-23 15:46:49,-13.7,-76.2167,72.0,78,0,8.05
171,Vila Velha,BR,2021-03-23 15:46:42,-20.3297,-40.2925,86.0,70,20,9.22
172,Nuuk,GL,2021-03-23 15:46:49,64.1835,-51.7216,10.4,67,75,6.91
173,Smithers,CA,2021-03-23 15:45:04,54.7804,-127.1743,32.0,80,90,3.44
174,Leningradskiy,RU,2021-03-23 15:46:50,69.3833,178.4167,-6.02,91,100,6.62
175,Mackenzie,CA,2021-03-23 15:45:04,55.2999,-123.1698,28.4,80,90,8.05
176,Maceio,BR,2021-03-23 15:46:50,-9.6658,-35.7353,75.2,94,75,12.66
177,Conceicao Da Barra,BR,2021-03-23 15:46:51,-18.5933,-39.7322,87.66,51,16,9.31
178,Ukiah,US,2021-03-23 15:45:02,39.1502,-123.2078,42.01,87,1,2.77
179,Fuerte Olimpo,PY,2021-03-23 15:46:52,-21.0415,-57.8738,97.07,38,36,1.1
180,Papillion,US,2021-03-23 15:46:52,41.1544,-96.0422,50.0,93,90,6.91
181,Middlebury,US,2021-03-23 15:45:01,44.0153,-73.1673,59.0,26,1,3.44
182,Fallon,US,2021-03-23 15:46:53,39.4735,-118.7774,33.8,75,40,12.66
183,Praia Da Vitoria,PT,2021-03-23 15:46:53,38.7333,-27.0667,59.0,58,75,13.87
184,East London,ZA,2021-03-23 15:44:11,-33.0153,27.9116,71.6,68,20,17.27
185,Besikduzu,TR,2021-03-23 15:46:54,41.052,39.2284,48.2,100,75,10.36
186,Setermoen,NO,2021-03-23 15:46:54,68.861,18.3486,37.4,70,75,16.11
187,La Rioja,ES,2021-03-23 15:42:44,42.25,-2.5,66.2,27,0,10.36
188,Ziarat,PK,2021-03-23 15:46:55,30.3823,67.7282,46.67,31,0,10.33
189,Kurchum,KZ,2021-03-23 15:46:55,48.5722,83.6542,25.07,88,98,5.3
190,Stykkisholmur,IS,2021-03-23 15:46:55,65.0757,-22.7297,35.73,59,74,8.57
191,Sinnamary,GF,2021-03-23 15:46:56,5.3833,-52.95,78.49,87,99,10.89
192,Yendi,GH,2021-03-23 15:46:56,9.4427,-0.0099,98.96,25,100,2.93
193,Lafia,NG,2021-03-23 15:46:56,8.4833,8.5167,91.96,39,77,7.72
194,Moustheni,GR,2021-03-23 15:46:57,40.8667,24.1167,48.2,49,40,14.97
195,Mar Del Plata,AR,2021-03-23 15:42:25,-38.0023,-57.5575,71.6,68,40,9.22
196,Mamallapuram,IN,2021-03-23 15:46:58,12.6264,80.1722,80.6,74,20,8.05
197,Tasiilaq,GL,2021-03-23 15:46:58,65.6145,-37.6368,19.4,49,75,8.05
198,Kinsale,IE,2021-03-23 15:42:03,51.7075,-8.5306,51.01,81,75,20.71
199,Gilbues,BR,2021-03-23 15:46:58,-9.8317,-45.3439,85.19,50,81,6.69
200,Pangnirtung,CA,2021-03-23 15:46:59,66.1451,-65.7125,-25.6,62,20,2.3
201,Bloomfield,US,2021-03-23 15:44:02,40.8068,-74.1854,59.0,54,1,4.61
202,Port Blair,IN,2021-03-23 15:46:59,11.6667,92.75,82.65,79,94,6.87
203,Shelburne,CA,2021-03-23 15:46:59,44.0787,-80.2041,63.0,25,20,5.75
204,Silifke,TR,2021-03-23 15:47:00,36.3778,33.9344,59.94,87,88,4.45
205,Camopi,GF,2021-03-23 15:47:00,3.1655,-52.3158,78.24,93,98,4.72
206,Ixtapa,MX,2021-03-23 15:47:00,20.7,-105.2,66.2,63,1,3.44
207,Edgewater,US,2021-03-23 15:45:15,28.9889,-80.9023,72.0,83,75,5.75
208,Meulaboh,ID,2021-03-23 15:47:01,4.1363,96.1285,78.13,84,99,1.03
209,Visby,SE,2021-03-23 15:47:01,57.6409,18.296,51.8,46,0,8.05
210,Elk Point,US,2021-03-23 15:47:02,42.6833,-96.6836,46.0,78,100,7.0
211,San Jose,US,2021-03-23 15:43:24,37.3394,-121.895,52.0,76,20,10.36
212,Olenino,RU,2021-03-23 15:47:02,56.2092,33.4889,23.25,88,84,3.13
213,Esperance,AU,2021-03-23 15:43:33,-33.8667,121.9,59.0,72,90,4.61
214,Bermeo,ES,2021-03-23 15:47:03,43.4209,-2.7215,64.4,45,0,9.22
215,Mersing,MY,2021-03-23 15:47:03,2.4312,103.8405,78.8,94,100,3.44
216,Kawalu,ID,2021-03-23 15:45:02,-7.3817,108.2082,73.9,97,100,0.65
217,Teguldet,RU,2021-03-23 15:47:04,57.3064,88.1667,15.1,98,27,2.17
218,Akyab,MM,2021-03-23 15:47:04,20.15,92.9,80.22,79,0,0.96
219,Coolum Beach,AU,2021-03-23 15:47:05,-26.5333,153.1,77.0,91,79,1.01
220,Guatire,VE,2021-03-23 15:47:05,10.4762,-66.5427,84.2,79,40,5.75
221,Bonavista,CA,2021-03-23 15:47:05,48.6499,-53.1147,55.4,26,2,14.97
222,Kahului,US,2021-03-23 15:47:06,20.8947,-156.47,64.0,100,1,2.84
223,Luderitz,NA,2021-03-23 15:47:06,-26.6481,15.1594,71.33,66,15,7.34
224,Noumea,NC,2021-03-23 15:47:06,-22.2763,166.4572,68.0,88,0,2.3
225,Damietta,EG,2021-03-23 15:47:07,31.4165,31.8133,66.2,72,75,21.85
226,Morley,GB,2021-03-23 15:45:04,53.7401,-1.5988,53.01,63,76,15.01
227,Kuching,MY,2021-03-23 15:47:07,1.55,110.3333,78.8,94,40,1.14
228,Natal,BR,2021-03-23 15:47:07,-5.795,-35.2094,87.8,58,40,12.66
229,Saint-Joseph,RE,2021-03-23 15:47:08,-21.3667,55.6167,82.4,78,90,1.14
230,Sao Filipe,CV,2021-03-23 15:47:08,14.8961,-24.4956,70.11,77,8,10.58
231,Ostrovnoy,RU,2021-03-23 15:47:09,68.0531,39.5131,29.23,87,88,22.73
232,Talnakh,RU,2021-03-23 15:47:10,69.4865,88.3972,0.48,96,100,8.14
233,Matara,LK,2021-03-23 15:47:10,5.9485,80.5353,79.66,86,99,10.54
234,Kathmandu,NP,2021-03-23 15:43:27,27.7167,85.3167,68.0,45,20,3.44
235,Khatanga,RU,2021-03-23 15:47:11,71.9667,102.5,-13.41,93,100,3.89
236,Agadez,NE,2021-03-23 15:47:11,19.75,10.25,87.4,11,14,14.72
237,Sokolo,ML,2021-03-23 15:47:11,14.7328,-6.1219,100.47,10,64,13.85
238,Wuda,CN,2021-03-23 15:47:12,39.4994,106.7117,48.78,17,85,4.12
239,Portobelo,PA,2021-03-23 15:47:12,9.55,-79.65,84.0,64,43,35.01
240,Chapais,CA,2021-03-23 15:47:12,49.7834,-74.8492,39.2,70,1,3.44
241,Ucluelet,CA,2021-03-23 15:47:13,48.9329,-125.5528,39.0,100,90,2.3
242,Preobrazheniye,RU,2021-03-23 15:47:13,42.9019,133.9064,35.58,80,51,5.35
243,Kavaratti,IN,2021-03-23 15:47:13,10.5669,72.642,83.52,70,0,7.2
244,Punta Alta,AR,2021-03-23 15:47:14,-38.8759,-62.0736,78.69,37,0,12.41
245,Cabo San Lucas,MX,2021-03-23 15:43:27,22.8909,-109.9124,64.4,68,1,3.56
246,Clyde River,CA,2021-03-23 15:47:14,70.4692,-68.5914,-14.8,64,75,12.66
247,Charters Towers,AU,2021-03-23 15:47:14,-20.1,146.2667,77.13,80,92,3.02
248,Brae,GB,2021-03-23 15:47:15,60.3964,-1.353,48.2,76,40,20.71
249,Ramanuj Ganj,IN,2021-03-23 15:47:15,23.8,83.7,77.5,24,53,4.52
250,Vostok,RU,2021-03-23 15:47:16,46.4856,135.8833,25.45,97,95,5.01
251,Starosubkhangulovo,RU,2021-03-23 15:47:16,53.1031,57.4423,21.96,97,100,4.38
252,San Carlos De Bariloche,AR,2021-03-23 15:47:17,-41.1456,-71.3082,62.6,42,40,25.32
253,Mumford,GH,2021-03-23 15:47:17,5.2618,-0.759,82.49,74,100,14.12
254,Kaman,IN,2021-03-23 15:47:18,27.65,77.2667,72.3,46,71,4.59
255,Dhidhdhoo,MV,2021-03-23 15:47:18,6.8833,73.1,83.21,73,74,8.97
256,Zhicheng,CN,2021-03-23 15:47:19,30.2956,111.5047,52.0,77,0,2.39
257,Saurimo,AO,2021-03-23 15:47:19,-9.6608,20.3916,86.0,48,40,1.74
258,Forest Grove,US,2021-03-23 15:47:19,45.5198,-123.1107,37.99,100,1,0.89
259,Laguna,US,2021-03-23 15:47:20,38.421,-121.4238,52.0,49,1,20.71
260,Ponta Do Sol,PT,2021-03-23 15:47:20,32.6667,-17.1,64.4,52,20,10.36
261,Vardo,NO,2021-03-23 15:47:20,70.3705,31.1107,35.6,69,0,25.32
262,Oruro,BO,2021-03-23 15:43:21,-17.9833,-67.15,57.2,58,40,6.91
263,Glinde,DE,2021-03-23 15:47:21,53.55,10.2,45.0,76,75,8.05
264,Hami,CN,2021-03-23 15:47:21,42.8,93.45,50.92,26,55,5.17
265,Majene,ID,2021-03-23 15:47:22,-3.5403,118.9707,78.37,83,36,3.24
266,Soyo,AO,2021-03-23 15:47:22,-6.1349,12.3689,84.2,84,75,6.91
267,Belomorsk,RU,2021-03-23 15:47:22,64.5232,34.7668,34.41,93,100,14.23
268,Dergachi,RU,2021-03-23 15:47:23,51.2328,48.7659,32.4,98,100,15.08
269,Obidos,BR,2021-03-23 15:47:23,-1.9175,-55.5181,86.7,57,100,5.93
270,Roma,US,2021-03-23 15:46:56,43.2128,-75.4557,59.0,33,1,6.91
271,Inta,RU,2021-03-23 15:47:23,66.0317,60.1659,22.68,96,100,9.06
272,Kropotkin,RU,2021-03-23 15:47:24,45.4375,40.5756,42.01,76,100,8.68
273,Avarua,CK,2021-03-23 15:47:24,-21.2078,-159.775,78.8,89,75,6.91
274,Canberra,AU,2021-03-23 15:47:24,-35.2835,149.1281,61.0,100,75,17.27
275,Talpa,MX,2021-03-23 15:47:25,28.8257,-111.6257,62.01,31,0,5.99
276,Tazovskiy,RU,2021-03-23 15:47:25,67.4667,78.7,18.32,94,100,13.02
277,Melfort,CA,2021-03-23 15:47:25,52.8667,-104.6177,6.8,72,80,16.11
278,Presidencia Roque Saenz Pena,AR,2021-03-23 15:47:26,-26.7852,-60.4388,82.99,63,59,2.15
279,Port Hardy,CA,2021-03-23 15:47:26,50.6996,-127.4199,42.8,87,90,5.75
280,Saldanha,ZA,2021-03-23 15:47:26,-33.0117,17.9442,95.0,18,9,14.97
281,Road Town,VG,2021-03-23 15:44:24,18.4167,-64.6167,82.4,65,40,9.22
282,Sharkan,RU,2021-03-23 15:47:27,57.2989,53.8712,32.0,83,98,6.73
283,Khandyga,RU,2021-03-23 15:47:27,62.6667,135.6,-12.06,99,100,2.53
284,Dauriya,RU,2021-03-23 15:47:28,49.9333,116.8667,27.77,71,14,7.52
285,Charlestown,AU,2021-03-23 15:42:37,-32.95,151.6667,70.0,96,19,8.01
286,Lasa,IT,2021-03-23 15:47:28,46.6166,10.7002,62.6,49,0,9.22
287,Ngunguru,NZ,2021-03-23 15:47:28,-35.6167,174.5,55.99,94,40,1.01
288,Aripuana,BR,2021-03-23 15:47:29,-9.1667,-60.6333,71.74,96,100,3.56
289,Camacha,PT,2021-03-23 15:47:29,33.0833,-16.3333,66.2,52,20,12.66
290,Concepcion,CL,2021-03-23 15:43:42,-36.827,-73.0498,62.6,63,0,5.75
291,Tirumullaivasal,IN,2021-03-23 15:47:30,11.2333,79.8333,79.79,74,10,9.93
292,Turukhansk,RU,2021-03-23 15:47:30,65.8167,87.9833,10.74,95,100,9.04
293,Soe,ID,2021-03-23 15:47:30,-9.8607,124.284,66.29,94,94,2.91
294,Zyryanka,RU,2021-03-23 15:47:31,65.75,150.85,-2.36,95,100,21.27
295,Hamilton,US,2021-03-23 15:43:19,39.1834,-84.5333,63.0,51,40,8.52
296,Sorland,NO,2021-03-23 15:47:31,67.667,12.6934,42.8,75,75,21.85
297,Baykit,RU,2021-03-23 15:47:32,61.67,96.37,-0.44,99,62,3.38
298,Eberswalde,DE,2021-03-23 15:47:32,52.8349,13.8195,45.0,71,100,6.98
299,Yuci,CN,2021-03-23 15:47:32,37.6803,112.7319,41.0,56,0,2.24
300,Peace River,CA,2021-03-23 15:47:34,56.2501,-117.286,17.6,73,90,10.36
301,Benguela,AO,2021-03-23 15:47:35,-12.5763,13.4055,82.22,68,94,8.25
302,Nouakchott,MR,2021-03-23 15:47:35,18.0858,-15.9785,78.8,44,0,18.41
303,Oussouye,SN,2021-03-23 15:47:35,12.485,-16.5469,98.6,54,0,6.91
304,Sobolevo,RU,2021-03-23 15:47:36,54.4299,31.8996,26.6,87,96,6.67
305,Loreto,MX,2021-03-23 15:47:36,22.2667,-101.9667,66.0,17,84,15.48
306,Mendeleyevsk,RU,2021-03-23 15:47:36,55.9082,52.2905,30.2,93,40,6.71
307,Olga,RU,2021-03-23 15:47:37,43.7444,135.2892,31.78,83,44,5.17
308,Lata,PT,2021-03-23 15:47:37,40.1629,-8.3327,73.0,44,1,10.16
309,Kedrovyy,RU,2021-03-23 15:47:37,56.1667,91.8167,28.4,74,0,6.71
310,Iskateley,RU,2021-03-23 15:47:38,67.6803,53.1512,14.32,95,56,10.38
311,Lumphat,KH,2021-03-23 15:47:38,13.4878,106.9816,76.57,63,78,10.49
312,Falun,SE,2021-03-23 15:47:38,60.6036,15.626,55.4,38,10,12.66
313,Bossangoa,CF,2021-03-23 15:47:39,6.4926,17.4552,93.15,34,46,4.76
314,Rio Gallegos,AR,2021-03-23 15:44:02,-51.6226,-69.2181,53.6,71,90,19.57
315,Chilca,PE,2021-03-23 15:47:39,-12.5211,-76.7372,78.01,73,0,4.61
316,Sao Raimundo Nonato,BR,2021-03-23 15:47:40,-9.0153,-42.6994,92.53,31,80,8.7
317,Malanje,AO,2021-03-23 15:47:40,-9.5402,16.341,73.22,84,91,4.74
318,Lampazos De Naranjo,MX,2021-03-23 15:47:40,27.0167,-100.5167,74.64,10,24,3.29
319,Mweka,CD,2021-03-23 15:47:41,-4.85,21.5667,80.73,66,86,1.05
320,Nouadhibou,MR,2021-03-23 15:47:41,20.931,-17.0347,69.8,68,0,20.71
321,Touros,BR,2021-03-23 15:47:41,-5.1989,-35.4608,87.8,55,40,11.5
322,Jeremie,HT,2021-03-23 15:47:42,18.65,-74.1167,80.87,67,5,4.32
323,Antequera,ES,2021-03-23 15:47:42,37.0194,-4.5612,71.6,49,20,6.91
324,Aktau,KZ,2021-03-23 15:47:42,43.65,51.2,51.8,54,90,15.66
325,Rantepao,ID,2021-03-23 15:47:43,-2.9701,119.8978,66.81,98,98,2.39
326,Dargaville,NZ,2021-03-23 15:47:43,-35.9333,173.8833,54.36,92,1,1.54
327,Hovd,MN,2021-03-23 15:47:43,48.0056,91.6419,36.45,26,74,3.11
328,Norman Wells,CA,2021-03-23 15:47:44,65.282,-126.8329,-13.0,84,20,8.05
329,Phan Thiet,VN,2021-03-23 15:44:43,10.9333,108.1,78.66,73,87,8.68
330,Qostanay,KZ,2021-03-23 15:47:44,53.1667,63.5833,15.8,86,0,11.18
331,Haian,CN,2021-03-23 15:47:45,32.5436,120.45,53.01,59,100,6.98
332,Wanning,CN,2021-03-23 15:47:45,18.8003,110.3967,70.43,86,76,5.46
333,Nyurba,RU,2021-03-23 15:47:45,63.2842,118.3319,-26.54,100,69,2.8
334,San Cristobal,VE,2021-03-23 15:47:46,7.7669,-72.225,78.8,83,40,4.61
335,Victoria,HK,2021-03-23 15:43:28,22.2855,114.1577,68.0,70,100,1.01
336,Sechura,PE,2021-03-23 15:47:46,-5.5569,-80.8222,80.69,54,86,7.78
337,Lagunas,PE,2021-03-23 15:47:46,-5.2269,-75.6753,87.4,55,96,2.42
338,Beisfjord,NO,2021-03-23 15:47:47,68.3751,17.5988,39.2,75,75,10.36
339,Gonbad-E Qabus,IR,2021-03-23 15:47:47,37.25,55.1672,62.6,77,0,5.99
340,Ljungby,SE,2021-03-23 15:47:47,56.8332,13.9408,44.6,76,40,9.22
341,Salalah,OM,2021-03-23 15:47:48,17.0151,54.0924,84.2,61,0,3.44
342,Lugovoy,KZ,2021-03-23 15:47:48,42.9472,72.7644,38.55,93,100,4.29
343,Alexandria,EG,2021-03-23 15:47:48,31.2156,29.9553,66.2,59,75,18.41
344,Stokmarknes,NO,2021-03-23 15:47:49,68.5646,14.9108,42.8,61,75,27.63
345,Puerto El Triunfo,SV,2021-03-23 15:47:49,13.2833,-88.55,86.0,58,20,2.3
346,Pachino,IT,2021-03-23 15:47:49,36.7186,15.0907,51.8,54,40,13.8
347,Caernarfon,GB,2021-03-23 15:47:50,53.1413,-4.2702,50.0,81,90,20.71
348,Los Llanos De Aridane,ES,2021-03-23 15:47:50,28.6585,-17.9182,68.0,52,20,9.22
349,Muros,ES,2021-03-23 15:47:51,42.7762,-9.0603,64.99,73,14,13.0
350,Farafangana,MG,2021-03-23 15:47:52,-22.8167,47.8333,78.06,89,90,10.33
351,Minot,US,2021-03-23 15:47:52,48.2325,-101.2963,44.6,49,90,8.05
352,Khasan,RU,2021-03-23 15:47:53,42.4308,130.6434,38.28,82,89,3.83
353,Carlet,ES,2021-03-23 15:47:53,39.2333,-0.5167,64.99,55,5,3.0
354,Pandan Niog,PH,2021-03-23 15:47:53,6.2282,120.5631,82.92,72,100,4.76
355,Zhigansk,RU,2021-03-23 15:47:54,66.7697,123.3711,-26.52,100,88,7.23
356,Semnan,IR,2021-03-23 15:47:54,35.5729,53.3971,65.41,32,100,2.55
357,Tevaitoa,PF,2021-03-23 15:47:54,-16.7833,-151.5,82.94,74,12,17.94
358,Coahuayana,MX,2021-03-23 15:47:55,18.7333,-103.6833,73.4,46,1,4.12
359,Sterling,US,2021-03-23 15:43:31,39.0062,-77.4286,61.0,51,75,4.61
360,Lillooet,CA,2021-03-23 15:47:55,50.6856,-121.942,30.99,100,90,3.96
361,Verkhnevilyuysk,RU,2021-03-23 15:47:55,63.4453,120.3167,-26.32,100,92,2.86
362,Lavrentiya,RU,2021-03-23 15:47:56,65.5833,-171.0,3.81,96,100,5.35
363,Santiago Do Cacem,PT,2021-03-23 15:47:56,38.0169,-8.6948,61.0,67,0,7.0
364,Sabha,LY,2021-03-23 15:47:56,27.0377,14.4283,68.16,13,0,16.55
365,Ortakoy,TR,2021-03-23 15:47:57,38.7373,34.0387,44.6,93,75,13.8
366,Tambopata,PE,2021-03-23 15:47:57,-12.7333,-69.1833,78.8,89,75,5.75
367,Bukama,CD,2021-03-23 15:47:58,-9.2,25.85,77.7,84,37,0.87
368,Paka,MY,2021-03-23 15:47:58,4.6374,103.4368,78.8,94,100,5.75
369,Formosa Do Rio Preto,BR,2021-03-23 15:47:58,-11.0483,-45.1931,89.1,42,11,4.52
370,Coquimbo,CL,2021-03-23 15:47:58,-29.9533,-71.3436,66.2,68,0,11.5
371,Rongcheng,CN,2021-03-23 15:47:59,30.634,117.8517,53.85,82,100,4.09
372,Torata,PE,2021-03-23 15:47:59,-17.0769,-70.8433,64.87,62,79,7.05
373,Chunskiy,RU,2021-03-23 15:47:59,56.0815,99.6342,27.91,87,66,9.95
374,Binzhou,CN,2021-03-23 15:48:00,37.3667,118.0167,60.01,44,7,3.0
375,Teya,RU,2021-03-23 15:48:00,60.3778,92.6267,1.71,100,86,2.24
376,Sakakah,SA,2021-03-23 15:48:01,29.9697,40.2064,96.8,9,8,14.97
377,Torbay,CA,2021-03-23 15:48:01,47.6666,-52.7314,53.6,35,1,18.41
378,Catamarca,AR,2021-03-23 15:48:02,-28.4696,-65.7852,81.0,63,1,1.99
379,Alofi,NU,2021-03-23 15:48:02,-19.0595,-169.9187,78.8,94,75,5.75
380,Vizianagaram,IN,2021-03-23 15:48:02,18.1167,83.4167,80.6,65,6,4.61
381,Slave Lake,CA,2021-03-23 15:46:34,55.2834,-114.769,8.6,78,75,12.66
382,Gat,IL,2021-03-23 15:48:03,31.61,34.7642,71.01,36,99,9.06
383,Djibo,BF,2021-03-23 15:48:03,14.1022,-1.6306,102.33,8,45,13.22
384,Yegros,PY,2021-03-23 15:48:04,-26.45,-56.4,88.27,52,77,2.24
385,Huaiyin,CN,2021-03-23 15:45:02,33.5886,119.0192,51.49,66,100,8.01
386,Hirado,JP,2021-03-23 15:48:04,33.3597,129.5531,50.0,48,0,3.0
387,Huaral,PE,2021-03-23 15:48:05,-11.495,-77.2078,78.01,73,0,4.61
388,Nagorsk,RU,2021-03-23 15:48:05,59.3172,50.8078,16.7,96,73,4.27
389,Mora,CM,2021-03-23 15:48:05,11.0461,14.1401,105.8,22,20,3.44
390,Chernyshkovskiy,RU,2021-03-23 15:48:06,48.4219,42.2308,33.62,96,100,9.51
391,Faanui,PF,2021-03-23 15:48:06,-16.4833,-151.75,83.12,74,18,18.14
392,Caluquembe,AO,2021-03-23 15:48:06,-13.7833,14.6833,65.88,85,100,4.92
393,Warrensburg,US,2021-03-23 15:48:07,38.7628,-93.7361,59.0,72,75,16.11
394,Bulawayo,ZW,2021-03-23 15:48:07,-20.15,28.5833,65.46,78,95,12.33
395,Udachnyy,RU,2021-03-23 15:48:08,66.4167,112.4,-8.36,99,100,2.84
396,Kirakira,SB,2021-03-23 15:48:08,-10.4544,161.9205,78.84,84,20,3.56
397,Hofn,IS,2021-03-23 15:48:09,64.2539,-15.2082,38.14,45,100,2.55
398,Kiomboi,TZ,2021-03-23 15:48:09,-4.2667,34.3667,67.77,70,91,7.4
399,Khorramshahr,IR,2021-03-23 15:48:10,30.4397,48.1664,86.0,26,0,4.61
400,Tilichiki,RU,2021-03-23 15:48:10,60.4667,166.1,16.77,89,100,5.1
401,Pyaozerskiy,RU,2021-03-23 15:48:10,65.8333,31.1667,36.16,90,100,13.02
402,Limoncito,BO,2021-03-23 15:48:11,-18.0167,-63.4,78.8,73,75,13.8
403,Manoel Urbano,BR,2021-03-23 15:48:11,-8.8389,-69.2597,80.02,74,100,3.51
404,Peniche,PT,2021-03-23 15:48:11,39.3558,-9.3811,62.01,71,0,8.01
405,Inuvik,CA,2021-03-23 15:48:12,68.3499,-133.7218,-5.8,71,18,8.05
406,Kargasok,RU,2021-03-23 15:48:12,59.0556,80.8572,9.03,97,40,3.02
407,Nioro,GM,2021-03-23 15:48:12,13.35,-15.75,99.45,10,74,6.71
408,Coihaique,CL,2021-03-23 15:48:13,-45.5752,-72.0662,53.6,76,75,4.61
409,Mayma,RU,2021-03-23 15:48:13,52.0197,85.9114,32.67,95,100,4.79
410,Rameswaram,IN,2021-03-23 15:48:13,9.2833,79.3,83.43,72,0,21.18
411,Asau,RO,2021-03-23 15:48:14,46.4333,26.4,36.0,57,100,3.47
412,Waipawa,NZ,2021-03-23 15:48:14,-41.4122,175.5153,51.8,93,2,3.44
413,Pocone,BR,2021-03-23 15:48:14,-16.2567,-56.6228,90.72,42,78,4.38
414,Berlevag,NO,2021-03-23 15:48:15,70.8578,29.0864,33.8,80,40,37.98
415,Salta,AR,2021-03-23 15:46:23,-24.7859,-65.4117,66.2,72,75,4.61
416,Batagay-Alyta,RU,2021-03-23 15:48:15,67.8006,130.4114,-13.95,95,100,3.42
417,Lakes Entrance,AU,2021-03-23 15:48:16,-37.8811,147.981,62.01,98,100,3.0
418,Tura,IN,2021-03-23 15:48:16,25.5198,90.2201,77.04,18,0,3.51
419,Novyy Urengoy,RU,2021-03-23 15:45:57,66.0833,76.6333,21.09,94,100,15.39
420,Nanortalik,GL,2021-03-23 15:48:16,60.1432,-45.2371,26.11,59,8,15.12
421,Ipaussu,BR,2021-03-23 15:48:17,-23.0553,-49.6284,87.55,49,1,2.19
422,Vung Tau,VN,2021-03-23 15:48:17,10.346,107.0843,80.24,79,86,12.41
423,Sabang,ID,2021-03-23 15:48:17,5.8933,95.3214,84.43,72,38,15.68
424,Zdvinsk,RU,2021-03-23 15:48:18,54.7021,78.661,27.5,96,100,13.4
425,Puquio,PE,2021-03-23 15:48:18,-14.7,-74.1333,56.14,72,98,1.12
426,Faya,SA,2021-03-23 15:48:18,18.3851,42.4509,75.2,53,0,11.5
427,Pandamatenga,BW,2021-03-23 15:48:19,-18.5278,25.627,74.79,65,53,7.61
428,Gorodishche,RU,2021-03-23 15:48:19,48.8045,44.4744,39.2,93,75,11.18
429,Sioux Lookout,CA,2021-03-23 15:48:19,50.1001,-91.917,32.0,69,75,5.75
430,Emilio Carranza,MX,2021-03-23 15:48:20,19.9711,-96.6114,83.93,49,0,4.29
431,Ouesso,CG,2021-03-23 15:48:20,1.6136,16.0517,84.69,60,100,2.75
432,Puerto Carreno,CO,2021-03-23 15:48:20,6.189,-67.4859,91.6,44,90,3.2
433,Manokwari,ID,2021-03-23 15:44:05,-0.8667,134.0833,79.0,77,97,4.34
434,Gola Gokarannath,IN,2021-03-23 15:44:24,28.0833,80.4667,80.53,28,12,13.15
435,Port Keats,AU,2021-03-23 15:48:21,-14.25,129.55,81.01,79,81,6.49
436,Kailua,US,2021-03-23 15:48:22,21.4022,-157.7394,66.2,94,20,3.76
437,Anta,IN,2021-03-23 15:48:23,25.15,76.3,80.6,26,3,6.82
438,Alenquer,BR,2021-03-23 15:48:24,-1.9417,-54.7383,82.4,78,20,9.22
439,Cocobeach,GA,2021-03-23 15:48:24,1.0002,9.5823,86.0,74,20,9.22
440,Tchollire,CM,2021-03-23 15:48:25,8.4022,14.1698,94.5,31,64,3.31
441,Topolobampo,MX,2021-03-23 15:48:25,25.6,-109.05,59.0,67,20,1.68
442,Aklavik,CA,2021-03-23 15:48:25,68.2191,-135.0107,-9.4,70,20,17.27
443,Taltal,CL,2021-03-23 15:48:26,-25.4,-70.4833,70.72,69,8,5.88
444,Nata,PA,2021-03-23 15:48:26,8.3333,-80.5167,82.4,65,0,6.91
445,Nishihara,JP,2021-03-23 15:48:27,26.1842,127.7558,64.4,52,40,6.91
446,Beloha,MG,2021-03-23 15:48:27,-25.1667,45.05,74.01,79,69,7.54
447,Cabildo,AR,2021-03-23 15:48:27,-38.4842,-61.8954,78.01,51,0,7.0
448,Brownsville,US,2021-03-23 15:48:28,25.9018,-97.4975,73.4,83,90,5.75
449,Poum,NC,2021-03-23 15:48:28,-20.2333,164.0167,78.04,75,98,13.71
450,Halifax,CA,2021-03-23 15:48:28,44.6453,-63.5724,53.01,76,20,5.75
451,Lagos,NG,2021-03-23 15:48:29,6.5833,3.75,79.79,80,100,10.2
452,Caibarien,CU,2021-03-23 15:48:29,22.5206,-79.4669,77.0,57,20,5.75
453,East Bethel,US,2021-03-23 15:48:29,45.3194,-93.2025,46.99,81,90,9.22
454,Plettenberg Bay,ZA,2021-03-23 15:48:29,-34.0527,23.3716,69.04,80,1,14.63
455,Ossora,RU,2021-03-23 15:48:30,59.2353,163.0719,19.67,64,57,24.05
456,College,US,2021-03-23 15:48:31,64.8569,-147.8028,10.4,85,90,1.12
457,Gari,RU,2021-03-23 15:48:31,59.4307,62.3497,28.98,93,100,8.43
458,Fairbanks,US,2021-03-23 15:48:31,64.8378,-147.7164,10.99,92,90,1.14
459,Panji,ID,2021-03-23 15:48:32,-7.7253,114.0995,76.14,90,100,4.34
460,San Vicente,AR,2021-03-23 15:45:02,-26.6167,-54.1333,80.89,71,100,3.09
461,Marawi,PH,2021-03-23 15:48:32,7.9986,124.2928,78.01,89,52,5.01
462,La Bruyere,BE,2021-03-23 15:48:32,50.3948,4.6144,53.01,58,0,6.91
463,La Ronge,CA,2021-03-23 15:48:33,55.1001,-105.2842,-4.0,65,10,8.05
464,Cabedelo,BR,2021-03-23 15:48:33,-6.9811,-34.8339,87.8,62,40,11.5
465,Basco,PH,2021-03-23 15:48:34,20.4487,121.9702,73.78,75,100,21.59
466,Lanigan,CA,2021-03-23 15:48:34,51.8501,-105.0344,17.6,73,100,16.11
467,Codrington,AU,2021-03-23 15:48:34,-38.2667,141.9667,61.05,94,100,15.59
468,Xuddur,SO,2021-03-23 15:48:35,4.1213,43.8894,86.77,11,60,10.96
469,Yurimaguas,PE,2021-03-23 15:48:35,-5.9,-76.0833,82.4,74,40,3.44
470,Ilulissat,GL,2021-03-23 15:48:35,69.2167,-51.1,-5.8,84,90,17.27
471,Gidole,ET,2021-03-23 15:48:36,5.65,37.3667,72.46,21,22,6.24
472,Darnah,LY,2021-03-23 15:48:36,32.767,22.6367,57.47,61,39,32.59
473,Nadvoitsy,RU,2021-03-23 15:48:36,63.8667,34.3167,32.85,91,100,15.23
474,Kannangad,IN,2021-03-23 15:48:37,12.3081,75.1063,82.09,75,4,3.69
475,Canoinhas,BR,2021-03-23 15:46:18,-26.1772,-50.39,77.0,79,95,3.58
476,Mogadishu,SO,2021-03-23 15:48:37,2.0371,45.3438,80.44,76,7,18.57
477,Avera,US,2021-03-23 15:48:38,33.194,-82.5271,64.4,68,1,9.22
478,Miami Beach,US,2021-03-23 15:46:43,25.7906,-80.1301,73.99,49,40,4.16
479,Floro,NO,2021-03-23 15:48:40,61.5996,5.0328,46.4,81,75,26.46
480,College Place,US,2021-03-23 15:48:40,46.0493,-118.3883,41.0,75,1,10.36
481,Manzil Kamil,TN,2021-03-23 15:48:41,35.6248,10.6673,60.01,41,20,24.16
482,Port Lincoln,AU,2021-03-23 15:48:41,-34.7333,135.8667,61.16,91,83,8.43
483,Yar-Sale,RU,2021-03-23 15:48:41,66.8333,70.8333,22.95,96,99,10.94
484,Alpena,US,2021-03-23 15:46:41,45.0617,-83.4327,50.0,57,90,3.44
485,Palmares Do Sul,BR,2021-03-23 15:48:42,-30.2578,-50.5097,70.47,94,100,1.83
486,Ust-Koksa,RU,2021-03-23 15:48:42,50.2696,85.6108,25.95,74,100,1.16
487,Kentwood,US,2021-03-23 15:48:43,42.8695,-85.6448,63.0,47,90,6.91
488,Conde,BR,2021-03-23 15:48:43,-7.2597,-34.9075,87.8,62,40,11.5
489,Manggar,ID,2021-03-23 15:48:43,-2.8833,108.2667,80.47,76,92,2.08
490,Kloulklubed,PW,2021-03-23 15:48:43,7.0419,134.2556,80.6,83,75,8.05
491,Sao Lourenco Do Sul,BR,2021-03-23 15:48:44,-31.3653,-51.9783,73.99,83,75,3.44
492,Beyneu,KZ,2021-03-23 15:48:44,45.3167,55.2,48.06,45,100,17.78
493,Ayan,RU,2021-03-23 15:48:45,56.45,138.1667,2.17,58,83,18.7
494,Mwanza,TZ,2021-03-23 15:44:19,-2.5167,32.9,82.4,61,20,11.5
495,Thinadhoo,MV,2021-03-23 15:48:45,0.5333,72.9333,83.61,66,49,5.93
496,Valparaiso,CL,2021-03-23 15:48:45,-33.0393,-71.6273,64.4,72,0,4.61
497,Suba,PH,2021-03-23 15:48:46,10.8438,121.0102,82.56,76,56,15.99
498,Kirkenaer,NO,2021-03-23 15:48:46,60.4564,12.0582,57.2,49,0,12.66
499,Ostashkov,RU,2021-03-23 15:48:46,57.1467,33.1075,24.13,88,58,2.77
500,Port Hedland,AU,2021-03-23 15:48:47,-20.3167,118.5667,77.0,83,61,2.3
501,Eureka,US,2021-03-23 15:48:47,40.8021,-124.1637,43.0,93,3,7.92
502,Strai,NO,2021-03-23 15:48:47,58.2,7.9,53.6,58,20,11.5
503,Axim,GH,2021-03-23 15:48:48,4.8699,-2.2405,83.23,72,100,10.71
504,Janauba,BR,2021-03-23 15:48:48,-15.8025,-43.3089,93.0,23,24,7.2
505,Cascais,PT,2021-03-23 15:45:11,38.6979,-9.4215,66.0,63,20,17.27
506,Beringovskiy,RU,2021-03-23 15:48:48,63.05,179.3167,32.34,88,96,17.63
507,San Juan,AR,2021-03-23 15:47:06,-31.5375,-68.5364,82.13,25,0,11.01
508,Arkadelphia,US,2021-03-23 15:48:49,34.1209,-93.0538,64.4,88,90,10.36
509,Carutapera,BR,2021-03-23 15:48:49,-1.195,-46.02,83.26,77,31,6.08
510,Ewa Beach,US,2021-03-23 15:48:50,21.3156,-158.0072,66.2,88,75,3.44
511,Nhulunbuy,AU,2021-03-23 15:48:50,-12.2333,136.7667,78.8,94,98,5.37
512,Isla Mujeres,MX,2021-03-23 15:48:50,21.2311,-86.731,80.6,65,40,14.97
513,Great Yarmouth,GB,2021-03-23 15:48:51,52.6083,1.7305,54.0,58,40,12.66
514,Las Vegas,US,2021-03-23 15:46:00,36.175,-115.1372,54.0,50,1,11.5
515,Gorontalo,ID,2021-03-23 15:47:13,0.5412,123.0595,74.75,95,69,3.0
516,Mayo,US,2021-03-23 15:48:52,38.8876,-76.5119,59.0,66,90,7.45
517,Sibu,MY,2021-03-23 15:48:52,2.3,111.8167,75.2,94,40,2.86
518,Ponta Delgada,PT,2021-03-23 15:48:52,37.7333,-25.6667,55.4,88,75,19.57
519,San Ignacio,BZ,2021-03-23 15:48:53,17.1561,-89.0714,80.6,74,0,5.3
520,Riyadh,SA,2021-03-23 15:48:53,24.6877,46.7219,95.0,8,0,6.91
521,Lensk,RU,2021-03-23 15:48:53,60.7253,114.9278,0.57,99,98,2.48
522,Kulhudhuffushi,MV,2021-03-23 15:48:54,6.6221,73.07,83.08,73,53,8.63
523,Joshimath,IN,2021-03-23 15:48:54,30.5667,79.5667,50.49,74,100,2.62
524,Inirida,CO,2021-03-23 15:48:54,3.8653,-67.9239,81.37,73,91,4.47
525,Nova Olinda Do Norte,BR,2021-03-23 15:48:55,-3.8881,-59.0942,86.07,68,98,4.68
526,Puerto Del Rosario,ES,2021-03-23 15:48:55,28.5004,-13.8627,71.6,53,0,9.22
527,Chernyshevskiy,RU,2021-03-23 15:48:56,63.0128,112.4714,-8.19,99,100,1.19
528,Kundiawa,PG,2021-03-23 15:48:56,-6.0167,144.9667,62.71,97,100,0.56
529,Grootfontein,NA,2021-03-23 15:46:14,-19.5667,18.1167,71.65,72,69,8.55
530,Nauchnyy Gorodok,RU,2021-03-23 15:48:57,53.4203,83.521,32.0,69,0,13.42
531,Chumikan,RU,2021-03-23 15:48:58,54.7183,135.315,1.0,77,9,21.3
532,Catalina,US,2021-03-23 15:44:26,32.5056,-110.9211,59.0,20,36,3.0
533,Tucumcari,US,2021-03-23 15:48:58,35.1717,-103.725,41.0,87,1,3.44
534,Zvishavane,ZW,2021-03-23 15:48:59,-20.3267,30.0665,67.46,78,86,5.79
535,Atar,MR,2021-03-23 15:48:59,20.5169,-13.0499,95.0,7,10,10.74
536,Bilibino,RU,2021-03-23 15:48:59,68.0546,166.4372,3.42,92,100,5.44
537,Krasnyy Yar,RU,2021-03-23 15:49:00,46.5331,48.3456,46.0,70,75,17.9
538,Lincoln,US,2021-03-23 15:48:54,40.8,-96.667,48.2,93,90,10.36
539,Hatillo,PR,2021-03-23 15:49:00,18.4863,-66.8254,86.0,61,1,8.05
540,Sept-Iles,CA,2021-03-23 15:46:49,50.2001,-66.3821,50.0,40,75,8.05
541,Vadodara,IN,2021-03-23 15:45:15,22.3,73.2,87.8,40,0,6.11
542,Garoua Boulai,CM,2021-03-23 15:49:00,5.8833,14.55,82.89,42,44,2.24
543,Kanbe,MM,2021-03-23 15:49:01,16.7053,96.0017,84.2,74,1,5.75
544,Grenville,GD,2021-03-23 15:49:01,12.1167,-61.6167,84.2,61,72,28.77
545,Ngerengere,TZ,2021-03-23 15:49:01,-6.75,38.1167,79.21,67,90,2.24
546,Laureles,US,2021-03-23 15:49:02,26.1092,-97.4941,72.0,83,90,8.05
547,Rafai,CF,2021-03-23 15:49:02,4.95,23.9167,83.71,49,95,4.61
548,Kushima,JP,2021-03-23 15:49:02,31.4583,131.2333,46.0,75,3,3.0
549,Columbus,US,2021-03-23 15:48:14,39.9612,-82.9988,63.0,47,75,10.36
550,Mildura,AU,2021-03-23 15:46:39,-34.2,142.15,62.6,77,40,8.05
551,Moose Factory,CA,2021-03-23 15:49:03,51.2585,-80.6094,32.0,93,90,5.75
552,Kyaukse,MM,2021-03-23 15:49:04,21.6,96.1333,87.94,29,0,4.65
553,Slavutych,UA,2021-03-23 15:49:04,51.5196,30.7343,32.23,61,99,13.73
554,Padang,ID,2021-03-23 15:49:04,-0.9492,100.3543,75.2,100,75,3.44
555,Pundaguitan,PH,2021-03-23 15:49:04,6.3711,126.1689,81.77,78,100,18.25
556,Wewak,PG,2021-03-23 15:49:05,-3.5534,143.6268,79.86,83,57,6.15
557,Mizan Teferi,ET,2021-03-23 15:49:05,6.9833,35.5833,71.67,57,60,1.12
558,Pacific Grove,US,2021-03-23 15:48:50,36.6177,-121.9166,51.8,76,40,4.61
559,Nortelandia,BR,2021-03-23 15:49:05,-14.4547,-56.8028,86.22,58,25,5.19
560,Moreira Sales,BR,2021-03-23 15:49:06,-24.0622,-53.0069,85.32,56,100,5.44
561,Lappeenranta,FI,2021-03-23 15:49:06,61.0587,28.1887,36.0,83,100,1.01
562,Arlit,NE,2021-03-23 15:49:06,18.7369,7.3853,97.88,4,32,14.25
563,Puro,PH,2021-03-23 15:49:07,12.4841,123.3827,78.37,85,66,13.58
564,Seoul,KR,2021-03-23 15:49:07,37.5683,126.9778,44.6,70,0,4.61
565,Ponnani,IN,2021-03-23 15:49:07,10.767,75.9252,84.2,70,20,3.38
566,Lomovka,RU,2021-03-23 15:49:08,53.9194,58.3672,26.6,74,90,8.95
567,Mandalgovi,MN,2021-03-23 15:49:08,45.7625,106.2708,34.86,34,0,4.29
568,Iisalmi,FI,2021-03-23 15:49:08,63.5592,27.1907,42.8,65,0,10.36
569,Hanstholm,DK,2021-03-23 15:49:09,57.1167,8.6167,43.0,22,10,1.99
570,Luanda,AO,2021-03-23 15:49:09,-8.8368,13.2343,86.0,66,40,12.66
571,Soure,BR,2021-03-23 15:49:09,-0.7167,-48.5233,80.55,77,98,5.93
572,Palmerston,AU,2021-03-23 15:49:10,-12.486,130.9833,82.4,89,100,3.44
573,Lewistown,US,2021-03-23 15:49:10,40.5992,-77.5714,57.0,44,1,3.91
574,Severnoye,RU,2021-03-23 15:49:10,56.3491,78.3619,25.09,95,100,4.16
575,Utiel,ES,2021-03-23 15:49:11,39.5667,-1.2,64.99,70,6,13.13
576,Quatre Cocos,MU,2021-03-23 15:49:11,-20.2078,57.7625,82.4,78,75,4.61
577,Zheleznodorozhnyy,RU,2021-03-23 15:49:11,55.7503,38.0042,32.0,59,75,4.47
